cycle,phase,pull_m,force_n
0,load,0.0,0.006286511054669665
0,load,0.0008749999999999999,0.17802014312574777
0,load,0.0017499999999999998,0.4015511447021727
0,load,0.0026249999999999997,0.5602379124320324
0,load,0.0034999999999999996,0.714509208439926
0,load,0.0043749999999999995,0.9467870524726121
0,load,0.0052499999999999995,1.1827139110182843
0,load,0.006124999999999999,1.3553426354255798
0,load,0.006999999999999999,1.465219396357327
0,load,0.007875,1.631768902426926
0,load,0.008749999999999999,1.8609979967310781
0,load,0.009624999999999998,2.0941074863772497
0,load,0.010499999999999999,2.1786945515089675
0,load,0.011375,2.4902022678805653
0,load,0.012249999999999999,2.648595855525477
0,load,0.013124999999999998,2.8878416225717096
0,load,0.013999999999999999,3.1148770245445077
0,load,0.014875,3.348235628340258
0,load,0.01575,3.611169520875968
0,load,0.016624999999999997,3.874075279604896
0,load,0.017499999999999998,4.051952683790839
0,load,0.018375,4.36844070334791
0,load,0.019249999999999996,4.514140351263981
0,load,0.020124999999999997,4.818034571231154
0,load,0.020999999999999998,5.104695662313188
0,unload,0.020999999999999998,5.064222768118641
0,unload,0.020124999999999997,4.322569136463408
0,unload,0.019249999999999996,3.7434305399792844
0,unload,0.018375,3.3064102438945997
0,unload,0.017499999999999998,2.97219986935571
0,unload,0.016624999999999997,2.618442259446917
0,unload,0.01575,2.427344496134949
0,unload,0.014875,2.2467168371748327
0,unload,0.013999999999999999,2.134930790025301
0,unload,0.013124999999999998,1.9979499260365896
0,unload,0.012249999999999999,1.9015995315113299
0,unload,0.011375,1.757530114274302
0,unload,0.010499999999999999,1.6936576192977264
0,unload,0.009624999999999998,1.6477174178728766
0,unload,0.008749999999999999,1.586085529051618
0,unload,0.007875,1.3429582213527294
0,unload,0.006999999999999999,1.365748664556506
0,unload,0.0061249999999999985,1.230040770719497
0,unload,0.005249999999999998,1.0627512421871868
0,unload,0.004375,0.8864712197842405
0,unload,0.0034999999999999996,0.6967147574256425
0,unload,0.002624999999999999,0.6155494690570112
0,unload,0.0017500000000000016,0.46385141445159606
0,unload,0.0008750000000000008,0.2742431468659323
0,unload,0.0,0.0657551882367185
1,load,0.0,0.0178690205329478
1,load,0.0010624999999999999,0.1637988547433775
1,load,0.0021249999999999997,0.44870678637805733
1,load,0.0031874999999999994,0.7074672309143467
1,load,0.0042499999999999994,0.8374369387251986
1,load,0.0053124999999999995,1.1508167646210392
1,load,0.006374999999999999,1.3842479829284413
1,load,0.007437499999999999,1.6322311507596459
1,load,0.008499999999999999,1.7763656842741349
1,load,0.009562499999999998,2.044581778859583
1,load,0.010624999999999999,2.3023732236081975
1,load,0.011687499999999998,2.5171407749951817
1,load,0.012749999999999997,2.9194125322073083
1,load,0.013812499999999998,3.070302833944874
1,load,0.014874999999999998,3.3804991176317194
1,load,0.015937499999999997,3.626822364068128
1,load,0.016999999999999998,4.001815629853305
1,load,0.0180625,4.279176235510947
1,load,0.019124999999999996,4.543393342734773
1,load,0.020187499999999997,4.708586294589163
1,load,0.021249999999999998,5.137275771203453
1,load,0.022312499999999996,5.494045798758068
1,load,0.023374999999999996,5.844909427804563
1,load,0.024437499999999997,6.108706130416602
1,load,0.0255,6.58599922040436
1,unload,0.0255,6.428877103737279
1,unload,0.024437499999999997,5.559983191467651
1,unload,0.023375,4.899978412130106
1,unload,0.0223125,4.254309357565356
1,unload,0.021249999999999998,3.867376176130714
1,unload,0.020187499999999997,3.388990727761105
1,unload,0.019125,3.039075764524327
1,unload,0.0180625,2.8056327226628017
1,unload,0.017,2.571829158312618
1,unload,0.0159375,2.3996838959536286
1,unload,0.014875,2.356441118551843
1,unload,0.0138125,2.2299690243661496
1,unload,0.012750000000000001,2.1482675288397113
1,unload,0.0116875,1.9285389275363007
1,unload,0.010625,1.9283970705720985
1,unload,0.009562500000000002,1.6983216944861714
1,unload,0.0085,1.6485691993453455
1,unload,0.0074375,1.392203519160102
1,unload,0.006375000000000002,1.2073170267217856
1,unload,0.005312500000000001,1.0733794912306405
1,unload,0.00425,0.9168706683149994
1,unload,0.003187500000000003,0.6670644182008346
1,unload,0.002125000000000002,0.4149781846329225
1,unload,0.001062500000000001,0.1565661470032678
1,unload,0.0,-0.0700760107458714
2,load,0.0,0.025134142493743284
2,load,0.00125,0.31330540794038
2,load,0.0025,0.5202387327025689
2,load,0.00375,0.7409955716563359
2,load,0.005,1.1070631115563143
2,load,0.00625,1.2713317693694253
2,load,0.0075,1.5756832343972635
2,load,0.00875,1.9232126125349507
2,load,0.01,2.066107380118218
2,load,0.01125,2.490792319005906
2,load,0.0125,2.7424270310455565
2,load,0.01375,3.084942199549574
2,load,0.015,3.3923420213834166
2,load,0.01625,3.7322938955402534
2,load,0.0175,4.093088013773391
2,load,0.01875,4.36748474516672
2,load,0.02,4.8349945500202
2,load,0.02125,5.170979011937847
2,load,0.0225,5.5604262430594344
2,load,0.02375,5.9735148908925595
2,load,0.025,6.3657601694063795
2,load,0.02625,6.794359993786033
2,load,0.0275,7.1969449068126305
2,load,0.02875,7.578614966989124
2,load,0.03,8.116291744380755
2,unload,0.03,8.08456826737377
2,unload,0.028749999999999998,6.92037352963429
2,unload,0.0275,6.0696069547670914
2,unload,0.02625,5.262755464948746
2,unload,0.024999999999999998,4.618091280492303
2,unload,0.02375,4.116281808700938
2,unload,0.0225,3.779693071580353
2,unload,0.021249999999999998,3.4615595842130547
2,unload,0.019999999999999997,3.2491125197327726
2,unload,0.01875,2.9681134688973168
2,unload,0.017499999999999998,2.839537059186036
2,unload,0.01625,2.6972384718148867
2,unload,0.015,2.5353948933033683
2,unload,0.013749999999999998,2.213239617213542
2,unload,0.012499999999999997,2.242846509984113
2,unload,0.01125,2.039586574370788
2,unload,0.009999999999999998,1.872729784116664
2,unload,0.008749999999999997,1.6845835730154215
2,unload,0.0075,1.4842121379221622
2,unload,0.006249999999999999,1.2647843994147014
2,unload,0.0049999999999999975,1.000361228800742
2,unload,0.00375,0.6803415633831762
2,unload,0.0024999999999999988,0.5172364167715925
2,unload,0.0012499999999999976,0.22290757349461876
2,unload,0.0,0.05400817062689426
