test_id,t_s,cmd_rad,meas_rad
0,0.0,0.0,-0.0
0,0.005,0.0,0.0
0,0.01,0.0,-0.0015339807878856412
0,0.015,0.0,-0.0015339807878856412
0,0.02,0.0,-0.0
0,0.025,0.0,-0.0030679615757712823
0,0.03,0.0,0.0
0,0.035,0.0,-0.0
0,0.04,0.0,-0.0030679615757712823
0,0.045,0.0,-0.0046019423636569235
0,0.05,0.35,0.0015339807878856412
0,0.055,0.35,-0.0
0,0.06,0.35,-0.0015339807878856412
0,0.065,0.35,-0.0
0,0.07,0.35,0.0030679615757712823
0,0.075,0.35,-0.0
0,0.08,0.35,0.0
0,0.085,0.35,-0.0030679615757712823
0,0.09,0.35,0.0030679615757712823
0,0.095,0.35,0.019941750242513337
0,0.1,0.35,0.04141748127291231
0,0.105,0.35,0.06135923151542565
0,0.11,0.35,0.08436894333371027
0,0.115,0.35,0.10277671278833796
0,0.12,0.35,0.12118448224296566
0,0.125,0.35,0.13652429012182207
0,0.13,0.35,0.15033011721279282
0,0.135,0.35,0.17027186745530618
0,0.14,0.35,0.17794177139473438
0,0.145,0.35,0.1932815792735908
0,0.15,0.35,0.2055534255766759
0,0.155,0.35,0.21475731030398976
0,0.16,0.35,0.2270291566070749
0,0.165,0.35,0.2346990605465031
0,0.17,0.35,0.24236896448593132
0,0.17500000000000002,0.35,0.25310683000113077
0,0.18,0.35,0.25770877236478773
0,0.185,0.35,0.2684466378799872
0,0.19,0.35,0.27304858024364415
0,0.195,0.35,0.2761165418194154
0,0.2,0.35,0.2791845033951867
0,0.20500000000000002,0.35,0.28532042654672923
0,0.21,0.35,0.2945243112740431
0,0.215,0.35,0.29605829206192874
0,0.22,0.35,0.30066023442558565
0,0.225,0.35,0.3083301383650139
0,0.23,0.35,0.3052621767892426
0,0.23500000000000001,0.35,0.3098641191528995
0,0.24,0.35,0.3129320807286708
0,0.245,0.35,0.3175340230923277
0,0.25,0.35,0.3175340230923277
0,0.255,0.35,0.320601984668099
0,0.26,0.35,0.320601984668099
0,0.265,0.35,0.32673790781964157
0,0.27,0.35,0.3282718886075272
0,0.275,0.35,0.3282718886075272
0,0.28,0.35,0.3313398501832985
0,0.28500000000000003,0.35,0.32980586939541284
0,0.29,0.35,0.3328738309711841
0,0.295,0.35,0.3374757733348411
0,0.3,0.35,0.33594179254695544
0,0.305,0.35,0.34054373491061235
0,0.31,0.35,0.33594179254695544
0,0.315,0.35,0.3390097541227267
0,0.32,0.35,0.3390097541227267
0,0.325,0.35,0.342077715698498
0,0.33,0.35,0.34054373491061235
0,0.335,0.35,0.34054373491061235
0,0.34,0.35,0.34054373491061235
0,0.34500000000000003,0.35,0.34821363885004053
0,0.35000000000000003,0.35,0.3436116964863836
0,0.355,0.35,0.3390097541227267
0,0.36,0.35,0.342077715698498
0,0.365,0.35,0.3436116964863836
0,0.37,0.35,0.342077715698498
0,0.375,0.35,0.34514567727426926
0,0.38,0.35,0.34514567727426926
0,0.385,0.35,0.342077715698498
0,0.39,0.35,0.342077715698498
0,0.395,0.35,0.34054373491061235
0,0.4,0.35,0.342077715698498
0,0.405,0.35,0.34054373491061235
0,0.41000000000000003,0.35,0.34514567727426926
0,0.41500000000000004,0.35,0.3466796580621549
0,0.42,0.35,0.34054373491061235
0,0.425,0.35,0.34054373491061235
0,0.43,0.35,0.3390097541227267
0,0.435,0.35,0.34054373491061235
0,0.44,0.35,0.3374757733348411
0,0.445,0.35,0.34054373491061235
0,0.45,0.35,0.34514567727426926
0,0.455,0.35,0.342077715698498
0,0.46,0.35,0.34514567727426926
0,0.465,0.35,0.342077715698498
0,0.47000000000000003,0.35,0.3466796580621549
0,0.47500000000000003,0.35,0.3436116964863836
0,0.48,0.35,0.342077715698498
0,0.485,0.35,0.34821363885004053
0,0.49,0.35,0.342077715698498
0,0.495,0.35,0.34054373491061235
0,0.5,0.35,0.3436116964863836
0,0.505,0.35,0.3436116964863836
0,0.51,0.35,0.34514567727426926
0,0.515,0.35,0.34054373491061235
0,0.52,0.35,0.34514567727426926
0,0.525,0.35,0.34514567727426926
0,0.53,0.35,0.342077715698498
0,0.535,0.35,0.3436116964863836
0,0.54,0.35,0.342077715698498
0,0.545,0.35,0.34821363885004053
0,0.55,0.35,0.342077715698498
0,0.555,0.35,0.342077715698498
0,0.56,0.35,0.34054373491061235
0,0.5650000000000001,0.35,0.342077715698498
0,0.5700000000000001,0.35,0.3436116964863836
0,0.5750000000000001,0.35,0.34514567727426926
0,0.58,0.35,0.342077715698498
0,0.585,0.35,0.342077715698498
0,0.59,0.35,0.34054373491061235
0,0.595,0.35,0.342077715698498
1,0.0,0.35,0.35588354278946877
1,0.005,0.35,0.3528155812136975
1,0.01,0.35,0.34821363885004053
1,0.015,0.35,0.3466796580621549
1,0.02,0.35,0.34821363885004053
1,0.025,0.35,0.34974761963792617
1,0.03,0.35,0.34974761963792617
1,0.035,0.35,0.34821363885004053
1,0.04,0.35,0.3466796580621549
1,0.045,0.35,0.3528155812136975
1,0.05,-0.35,0.3512816004258118
1,0.055,-0.35,0.34974761963792617
1,0.06,-0.35,0.34974761963792617
1,0.065,-0.35,0.34821363885004053
1,0.07,-0.35,0.3436116964863836
1,0.075,-0.35,0.34974761963792617
1,0.08,-0.35,0.34821363885004053
1,0.085,-0.35,0.34821363885004053
1,0.09,-0.35,0.34821363885004053
1,0.095,-0.35,0.33440781175906975
1,0.1,-0.35,0.3083301383650139
1,0.105,-0.35,0.28532042654672923
1,0.11,-0.35,0.2684466378799872
1,0.115,-0.35,0.24697090684958822
1,0.12,-0.35,0.22089323345553233
1,0.125,-0.35,0.20248546400090464
1,0.13,-0.35,0.17947575218262002
1,0.135,-0.35,0.15800002115222103
1,0.14,-0.35,0.13345632854605077
1,0.145,-0.35,0.11658253987930872
1,0.15,-0.35,0.09510680884890975
1,0.155,-0.35,0.07209709703062514
1,0.16,-0.35,0.05062136600022616
1,0.165,-0.35,0.019941750242513337
1,0.17,-0.35,0.006135923151542565
1,0.17500000000000002,-0.35,-0.01687378866674205
1,0.18,-0.35,-0.03834951969714103
1,0.185,-0.35,-0.06135923151542565
1,0.19,-0.35,-0.08130098175793898
1,0.195,-0.35,-0.10124273200045232
1,0.2,-0.35,-0.11965050145508001
1,0.20500000000000002,-0.35,-0.1380582709097077
1,0.21,-0.35,-0.15033011721279282
1,0.215,-0.35,-0.16873788666742054
1,0.22,-0.35,-0.17947575218262002
1,0.225,-0.35,-0.1932815792735908
1,0.23,-0.35,-0.20708740636456155
1,0.23500000000000001,-0.35,-0.2162912910918754
1,0.24,-0.35,-0.2270291566070749
1,0.245,-0.35,-0.23316507975861744
1,0.25,-0.35,-0.24236896448593132
1,0.255,-0.35,-0.25310683000113077
1,0.26,-0.35,-0.260776733940559
1,0.265,-0.35,-0.2653786763042159
1,0.27,-0.35,-0.2699806186678728
1,0.275,-0.35,-0.27765052260730105
1,0.28,-0.35,-0.28225246497095796
1,0.28500000000000003,-0.35,-0.28838838812250056
1,0.29,-0.35,-0.29299033048615747
1,0.295,-0.35,-0.2975922728498144
1,0.3,-0.35,-0.30066023442558565
1,0.305,-0.35,-0.30679615757712825
1,0.31,-0.35,-0.30679615757712825
1,0.315,-0.35,-0.31139809994078516
1,0.32,-0.35,-0.3129320807286708
1,0.325,-0.35,-0.3175340230923277
1,0.33,-0.35,-0.3175340230923277
1,0.335,-0.35,-0.3236699462438703
1,0.34,-0.35,-0.320601984668099
1,0.34500000000000003,-0.35,-0.3282718886075272
1,0.35000000000000003,-0.35,-0.32980586939541284
1,0.355,-0.35,-0.3282718886075272
1,0.36,-0.35,-0.32673790781964157
1,0.365,-0.35,-0.3313398501832985
1,0.37,-0.35,-0.33440781175906975
1,0.375,-0.35,-0.3374757733348411
1,0.38,-0.35,-0.33594179254695544
1,0.385,-0.35,-0.33594179254695544
1,0.39,-0.35,-0.33440781175906975
1,0.395,-0.35,-0.3374757733348411
1,0.4,-0.35,-0.342077715698498
1,0.405,-0.35,-0.33594179254695544
1,0.41000000000000003,-0.35,-0.342077715698498
1,0.41500000000000004,-0.35,-0.3436116964863836
1,0.42,-0.35,-0.3390097541227267
1,0.425,-0.35,-0.3436116964863836
1,0.43,-0.35,-0.3436116964863836
1,0.435,-0.35,-0.342077715698498
1,0.44,-0.35,-0.342077715698498
1,0.445,-0.35,-0.34054373491061235
1,0.45,-0.35,-0.34514567727426926
1,0.455,-0.35,-0.3390097541227267
1,0.46,-0.35,-0.34054373491061235
1,0.465,-0.35,-0.3436116964863836
1,0.47000000000000003,-0.35,-0.34514567727426926
1,0.47500000000000003,-0.35,-0.34514567727426926
1,0.48,-0.35,-0.3436116964863836
1,0.485,-0.35,-0.34514567727426926
1,0.49,-0.35,-0.34514567727426926
1,0.495,-0.35,-0.342077715698498
1,0.5,-0.35,-0.342077715698498
1,0.505,-0.35,-0.3436116964863836
1,0.51,-0.35,-0.342077715698498
1,0.515,-0.35,-0.34054373491061235
1,0.52,-0.35,-0.34514567727426926
1,0.525,-0.35,-0.3436116964863836
1,0.53,-0.35,-0.34054373491061235
1,0.535,-0.35,-0.342077715698498
1,0.54,-0.35,-0.342077715698498
1,0.545,-0.35,-0.34054373491061235
1,0.55,-0.35,-0.34514567727426926
1,0.555,-0.35,-0.3466796580621549
1,0.56,-0.35,-0.34514567727426926
1,0.5650000000000001,-0.35,-0.3436116964863836
1,0.5700000000000001,-0.35,-0.34514567727426926
1,0.5750000000000001,-0.35,-0.3436116964863836
1,0.58,-0.35,-0.34514567727426926
1,0.585,-0.35,-0.3436116964863836
1,0.59,-0.35,-0.34514567727426926
1,0.595,-0.35,-0.342077715698498
2,0.0,-0.35,-0.34821363885004053
2,0.005,-0.35,-0.3512816004258118
2,0.01,-0.35,-0.34974761963792617
2,0.015,-0.35,-0.3512816004258118
2,0.02,-0.35,-0.34821363885004053
2,0.025,-0.35,-0.34974761963792617
2,0.03,-0.35,-0.3466796580621549
2,0.035,-0.35,-0.3528155812136975
2,0.04,-0.35,-0.34974761963792617
2,0.045,-0.35,-0.34974761963792617
2,0.05,0.0,-0.3512816004258118
2,0.055,0.0,-0.34821363885004053
2,0.06,0.0,-0.3528155812136975
2,0.065,0.0,-0.34514567727426926
2,0.07,0.0,-0.3528155812136975
2,0.075,0.0,-0.34821363885004053
2,0.08,0.0,-0.3528155812136975
2,0.085,0.0,-0.34821363885004053
2,0.09,0.0,-0.3512816004258118
2,0.095,0.0,-0.3328738309711841
2,0.1,0.0,-0.3098641191528995
2,0.105,0.0,-0.2868544073346149
2,0.11,0.0,-0.2684466378799872
2,0.115,0.0,-0.25310683000113077
2,0.12,0.0,-0.2316310989707318
2,0.125,0.0,-0.21168934872821848
2,0.13,0.0,-0.1978835216372477
2,0.135,0.0,-0.18100973297050565
2,0.14,0.0,-0.16720390587953488
2,0.145,0.0,-0.1564660403643354
2,0.15,0.0,-0.14726215563702155
2,0.155,0.0,-0.1303883669702795
2,0.16,0.0,-0.12118448224296566
2,0.165,0.0,-0.11504855909142309
2,0.17,0.0,-0.10277671278833796
2,0.17500000000000002,0.0,-0.09970875121256667
2,0.18,0.0,-0.09357282806102411
2,0.185,0.0,-0.08436894333371027
2,0.19,0.0,-0.07669903939428206
2,0.195,0.0,-0.07363107781851078
2,0.2,0.0,-0.06289321230331128
2,0.20500000000000002,0.0,-0.06442719309119693
2,0.21,0.0,-0.05522330836388308
2,0.215,0.0,-0.0521553467881118
2,0.22,0.0,-0.04908738521234052
2,0.225,0.0,-0.04295146206079795
2,0.23,0.0,-0.044485442848683596
2,0.23500000000000001,0.0,-0.03681553890925539
2,0.24,0.0,-0.03681553890925539
2,0.245,0.0,-0.035281558121369745
2,0.25,0.0,-0.02914563496982718
2,0.255,0.0,-0.0260776733940559
2,0.26,0.0,-0.02454369260617026
2,0.265,0.0,-0.019941750242513337
2,0.27,0.0,-0.019941750242513337
2,0.275,0.0,-0.018407769454627694
2,0.28,0.0,-0.019941750242513337
2,0.28500000000000003,0.0,-0.018407769454627694
2,0.29,0.0,-0.015339807878856412
2,0.295,0.0,-0.015339807878856412
2,0.3,0.0,-0.01380582709097077
2,0.305,0.0,-0.01227184630308513
2,0.31,0.0,-0.010737865515199488
2,0.315,0.0,-0.01227184630308513
2,0.32,0.0,-0.010737865515199488
2,0.325,0.0,-0.010737865515199488
2,0.33,0.0,-0.010737865515199488
2,0.335,0.0,-0.006135923151542565
2,0.34,0.0,-0.007669903939428206
2,0.34500000000000003,0.0,-0.006135923151542565
2,0.35000000000000003,0.0,-0.009203884727313847
2,0.355,0.0,-0.010737865515199488
2,0.36,0.0,-0.009203884727313847
2,0.365,0.0,-0.0046019423636569235
2,0.37,0.0,-0.0046019423636569235
2,0.375,0.0,-0.006135923151542565
2,0.38,0.0,-0.009203884727313847
2,0.385,0.0,-0.007669903939428206
2,0.39,0.0,-0.007669903939428206
2,0.395,0.0,-0.007669903939428206
2,0.4,0.0,-0.01227184630308513
2,0.405,0.0,-0.009203884727313847
2,0.41000000000000003,0.0,-0.007669903939428206
2,0.41500000000000004,0.0,-0.0046019423636569235
2,0.42,0.0,-0.006135923151542565
2,0.425,0.0,-0.0046019423636569235
2,0.43,0.0,-0.007669903939428206
2,0.435,0.0,-0.007669903939428206
2,0.44,0.0,-0.015339807878856412
2,0.445,0.0,-0.006135923151542565
2,0.45,0.0,-0.006135923151542565
2,0.455,0.0,-0.0030679615757712823
2,0.46,0.0,-0.007669903939428206
2,0.465,0.0,-0.006135923151542565
2,0.47000000000000003,0.0,-0.007669903939428206
2,0.47500000000000003,0.0,-0.009203884727313847
2,0.48,0.0,-0.007669903939428206
2,0.485,0.0,-0.007669903939428206
2,0.49,0.0,-0.0046019423636569235
2,0.495,0.0,-0.007669903939428206
2,0.5,0.0,-0.009203884727313847
2,0.505,0.0,-0.006135923151542565
2,0.51,0.0,-0.006135923151542565
2,0.515,0.0,-0.007669903939428206
2,0.52,0.0,-0.0046019423636569235
2,0.525,0.0,-0.010737865515199488
2,0.53,0.0,-0.007669903939428206
2,0.535,0.0,-0.006135923151542565
2,0.54,0.0,-0.009203884727313847
2,0.545,0.0,-0.006135923151542565
2,0.55,0.0,-0.0046019423636569235
2,0.555,0.0,-0.006135923151542565
2,0.56,0.0,-0.010737865515199488
2,0.5650000000000001,0.0,-0.009203884727313847
2,0.5700000000000001,0.0,-0.0046019423636569235
2,0.5750000000000001,0.0,-0.006135923151542565
2,0.58,0.0,-0.007669903939428206
2,0.585,0.0,-0.006135923151542565
2,0.59,0.0,-0.006135923151542565
2,0.595,0.0,-0.007669903939428206
3,0.0,0.0,-0.0
3,0.005,0.0,0.0
3,0.01,0.0,-0.0015339807878856412
3,0.015,0.0,-0.0
3,0.02,0.0,0.0030679615757712823
3,0.025,0.0,-0.0015339807878856412
3,0.03,0.0,0.0046019423636569235
3,0.035,0.0,0.0030679615757712823
3,0.04,0.0,-0.0030679615757712823
3,0.045,0.0,-0.0
3,0.05,0.1,0.0
3,0.055,0.1,-0.0015339807878856412
3,0.06,0.1,-0.0015339807878856412
3,0.065,0.1,-0.0
3,0.07,0.1,0.0015339807878856412
3,0.075,0.1,-0.0015339807878856412
3,0.08,0.1,0.0030679615757712823
3,0.085,0.1,0.0
3,0.09,0.1,-0.0
3,0.095,0.1,0.009203884727313847
3,0.1,0.1,0.01380582709097077
3,0.105,0.1,0.019941750242513337
3,0.11,0.1,0.02454369260617026
3,0.115,0.1,0.0337475773334841
3,0.12,0.1,0.03834951969714103
3,0.125,0.1,0.039883500485026674
3,0.13,0.1,0.04141748127291231
3,0.135,0.1,0.05062136600022616
3,0.14,0.1,0.05062136600022616
3,0.145,0.1,0.05368932757599744
3,0.15,0.1,0.059825250727540004
3,0.155,0.1,0.06289321230331128
3,0.16,0.1,0.0674951546669682
3,0.165,0.1,0.06902913545485385
3,0.17,0.1,0.07209709703062514
3,0.17500000000000002,0.1,0.07056311624273949
3,0.18,0.1,0.07516505860639641
3,0.185,0.1,0.07669903939428206
3,0.19,0.1,0.07976700097005335
3,0.195,0.1,0.07976700097005335
3,0.2,0.1,0.08283496254582462
3,0.20500000000000002,0.1,0.08130098175793898
3,0.21,0.1,0.08436894333371027
3,0.215,0.1,0.0859029241215959
3,0.22,0.1,0.08436894333371027
3,0.225,0.1,0.08743690490948154
3,0.23,0.1,0.08743690490948154
3,0.23500000000000001,0.1,0.0859029241215959
3,0.24,0.1,0.09203884727313846
3,0.245,0.1,0.09050486648525283
3,0.25,0.1,0.08897088569736719
3,0.255,0.1,0.09050486648525283
3,0.26,0.1,0.09357282806102411
3,0.265,0.1,0.0966407896367954
3,0.27,0.1,0.09203884727313846
3,0.275,0.1,0.09357282806102411
3,0.28,0.1,0.09510680884890975
3,0.28500000000000003,0.1,0.09357282806102411
3,0.29,0.1,0.09510680884890975
3,0.295,0.1,0.09203884727313846
3,0.3,0.1,0.09510680884890975
3,0.305,0.1,0.09357282806102411
3,0.31,0.1,0.09510680884890975
3,0.315,0.1,0.09050486648525283
3,0.32,0.1,0.09203884727313846
3,0.325,0.1,0.09510680884890975
3,0.33,0.1,0.09203884727313846
3,0.335,0.1,0.09203884727313846
3,0.34,0.1,0.09357282806102411
3,0.34500000000000003,0.1,0.09203884727313846
3,0.35000000000000003,0.1,0.09510680884890975
3,0.355,0.1,0.09050486648525283
3,0.36,0.1,0.09357282806102411
3,0.365,0.1,0.09357282806102411
3,0.37,0.1,0.09357282806102411
3,0.375,0.1,0.09203884727313846
3,0.38,0.1,0.09203884727313846
3,0.385,0.1,0.09357282806102411
3,0.39,0.1,0.09050486648525283
3,0.395,0.1,0.09510680884890975
3,0.4,0.1,0.09050486648525283
3,0.405,0.1,0.09203884727313846
3,0.41000000000000003,0.1,0.09357282806102411
3,0.41500000000000004,0.1,0.09050486648525283
3,0.42,0.1,0.09510680884890975
3,0.425,0.1,0.09357282806102411
3,0.43,0.1,0.09050486648525283
3,0.435,0.1,0.09050486648525283
3,0.44,0.1,0.09050486648525283
3,0.445,0.1,0.09357282806102411
3,0.45,0.1,0.09050486648525283
3,0.455,0.1,0.09050486648525283
3,0.46,0.1,0.09203884727313846
3,0.465,0.1,0.09817477042468103
3,0.47000000000000003,0.1,0.09357282806102411
3,0.47500000000000003,0.1,0.09510680884890975
3,0.48,0.1,0.09357282806102411
3,0.485,0.1,0.09510680884890975
3,0.49,0.1,0.09050486648525283
3,0.495,0.1,0.09203884727313846
3,0.5,0.1,0.09357282806102411
3,0.505,0.1,0.09357282806102411
3,0.51,0.1,0.09203884727313846
3,0.515,0.1,0.09203884727313846
3,0.52,0.1,0.09203884727313846
3,0.525,0.1,0.09203884727313846
3,0.53,0.1,0.08897088569736719
3,0.535,0.1,0.09050486648525283
3,0.54,0.1,0.09357282806102411
3,0.545,0.1,0.0966407896367954
3,0.55,0.1,0.0966407896367954
3,0.555,0.1,0.09357282806102411
3,0.56,0.1,0.09510680884890975
3,0.5650000000000001,0.1,0.09510680884890975
3,0.5700000000000001,0.1,0.09203884727313846
3,0.5750000000000001,0.1,0.08897088569736719
3,0.58,0.1,0.09357282806102411
3,0.585,0.1,0.08897088569736719
3,0.59,0.1,0.09203884727313846
3,0.595,0.1,0.09357282806102411
4,0.0,0.1,0.0966407896367954
4,0.005,0.1,0.09970875121256667
4,0.01,0.1,0.10277671278833796
4,0.015,0.1,0.10124273200045232
4,0.02,0.1,0.10124273200045232
4,0.025,0.1,0.10124273200045232
4,0.03,0.1,0.10277671278833796
4,0.035,0.1,0.09970875121256667
4,0.04,0.1,0.10277671278833796
4,0.045,0.1,0.09970875121256667
4,0.05,0.05,0.09817477042468103
4,0.055,0.05,0.10124273200045232
4,0.06,0.05,0.09817477042468103
4,0.065,0.05,0.09817477042468103
4,0.07,0.05,0.09817477042468103
4,0.075,0.05,0.09510680884890975
4,0.08,0.05,0.09970875121256667
4,0.085,0.05,0.09817477042468103
4,0.09,0.05,0.09970875121256667
4,0.095,0.05,0.09970875121256667
4,0.1,0.05,0.09203884727313846
4,0.105,0.05,0.08897088569736719
4,0.11,0.05,0.09050486648525283
4,0.115,0.05,0.0859029241215959
4,0.12,0.05,0.08436894333371027
4,0.125,0.05,0.0782330201821677
4,0.13,0.05,0.0782330201821677
4,0.135,0.05,0.07363107781851078
4,0.14,0.05,0.07209709703062514
4,0.145,0.05,0.07363107781851078
4,0.15,0.05,0.06902913545485385
4,0.155,0.05,0.07056311624273949
4,0.16,0.05,0.07209709703062514
4,0.165,0.05,0.06289321230331128
4,0.17,0.05,0.06289321230331128
4,0.17500000000000002,0.05,0.06596117387908257
4,0.18,0.05,0.06289321230331128
4,0.185,0.05,0.06442719309119693
4,0.19,0.05,0.05829126993965436
4,0.195,0.05,0.06135923151542565
4,0.2,0.05,0.05829126993965436
4,0.20500000000000002,0.05,0.05829126993965436
4,0.21,0.05,0.05829126993965436
4,0.215,0.05,0.05522330836388308
4,0.22,0.05,0.05522330836388308
4,0.225,0.05,0.059825250727540004
4,0.23,0.05,0.05829126993965436
4,0.23500000000000001,0.05,0.056757289151768725
4,0.24,0.05,0.056757289151768725
4,0.245,0.05,0.05829126993965436
4,0.25,0.05,0.05522330836388308
4,0.255,0.05,0.05522330836388308
4,0.26,0.05,0.059825250727540004
4,0.265,0.05,0.056757289151768725
4,0.27,0.05,0.05829126993965436
4,0.275,0.05,0.05522330836388308
4,0.28,0.05,0.059825250727540004
4,0.28500000000000003,0.05,0.05829126993965436
4,0.29,0.05,0.05829126993965436
4,0.295,0.05,0.05829126993965436
4,0.3,0.05,0.05522330836388308
4,0.305,0.05,0.05368932757599744
4,0.31,0.05,0.05522330836388308
4,0.315,0.05,0.059825250727540004
4,0.32,0.05,0.059825250727540004
4,0.325,0.05,0.056757289151768725
4,0.33,0.05,0.056757289151768725
4,0.335,0.05,0.05829126993965436
4,0.34,0.05,0.056757289151768725
4,0.34500000000000003,0.05,0.05368932757599744
4,0.35000000000000003,0.05,0.059825250727540004
4,0.355,0.05,0.05829126993965436
4,0.36,0.05,0.0521553467881118
4,0.365,0.05,0.056757289151768725
4,0.37,0.05,0.056757289151768725
4,0.375,0.05,0.05829126993965436
4,0.38,0.05,0.056757289151768725
4,0.385,0.05,0.05522330836388308
4,0.39,0.05,0.056757289151768725
4,0.395,0.05,0.05829126993965436
4,0.4,0.05,0.056757289151768725
4,0.405,0.05,0.056757289151768725
4,0.41000000000000003,0.05,0.059825250727540004
4,0.41500000000000004,0.05,0.05522330836388308
4,0.42,0.05,0.056757289151768725
4,0.425,0.05,0.0521553467881118
4,0.43,0.05,0.05829126993965436
4,0.435,0.05,0.05829126993965436
4,0.44,0.05,0.05829126993965436
4,0.445,0.05,0.05829126993965436
4,0.45,0.05,0.05829126993965436
4,0.455,0.05,0.05829126993965436
4,0.46,0.05,0.05829126993965436
4,0.465,0.05,0.056757289151768725
4,0.47000000000000003,0.05,0.059825250727540004
4,0.47500000000000003,0.05,0.056757289151768725
4,0.48,0.05,0.05368932757599744
4,0.485,0.05,0.05829126993965436
4,0.49,0.05,0.06135923151542565
4,0.495,0.05,0.05522330836388308
4,0.5,0.05,0.056757289151768725
4,0.505,0.05,0.05522330836388308
4,0.51,0.05,0.056757289151768725
4,0.515,0.05,0.056757289151768725
4,0.52,0.05,0.05522330836388308
4,0.525,0.05,0.056757289151768725
4,0.53,0.05,0.05368932757599744
4,0.535,0.05,0.05522330836388308
4,0.54,0.05,0.05522330836388308
4,0.545,0.05,0.05522330836388308
4,0.55,0.05,0.05368932757599744
4,0.555,0.05,0.059825250727540004
4,0.56,0.05,0.05829126993965436
4,0.5650000000000001,0.05,0.05368932757599744
4,0.5700000000000001,0.05,0.05522330836388308
4,0.5750000000000001,0.05,0.05522330836388308
4,0.58,0.05,0.05522330836388308
4,0.585,0.05,0.05368932757599744
4,0.59,0.05,0.05829126993965436
4,0.595,0.05,0.056757289151768725
5,0.0,0.05,0.05062136600022616
5,0.005,0.05,0.05062136600022616
5,0.01,0.05,0.0521553467881118
5,0.015,0.05,0.04601942363656923
5,0.02,0.05,0.05368932757599744
5,0.025,0.05,0.0521553467881118
5,0.03,0.05,0.05062136600022616
5,0.035,0.05,0.05522330836388308
5,0.04,0.05,0.05062136600022616
5,0.045,0.05,0.0521553467881118
5,0.05,-0.2,0.04908738521234052
5,0.055,-0.2,0.0521553467881118
5,0.06,-0.2,0.05062136600022616
5,0.065,-0.2,0.04908738521234052
5,0.07,-0.2,0.05368932757599744
5,0.075,-0.2,0.04908738521234052
5,0.08,-0.2,0.05062136600022616
5,0.085,-0.2,0.04908738521234052
5,0.09,-0.2,0.04908738521234052
5,0.095,-0.2,0.03681553890925539
5,0.1,-0.2,0.018407769454627694
5,0.105,-0.2,0.0015339807878856412
5,0.11,-0.2,-0.018407769454627694
5,0.115,-0.2,-0.02454369260617026
5,0.12,-0.2,-0.04141748127291231
5,0.125,-0.2,-0.05368932757599744
5,0.13,-0.2,-0.06135923151542565
5,0.135,-0.2,-0.07209709703062514
5,0.14,-0.2,-0.08436894333371027
5,0.145,-0.2,-0.0859029241215959
5,0.15,-0.2,-0.10124273200045232
5,0.155,-0.2,-0.11044661672776616
5,0.16,-0.2,-0.11658253987930872
5,0.165,-0.2,-0.11658253987930872
5,0.17,-0.2,-0.12578642460662257
5,0.17500000000000002,-0.2,-0.13192234775816514
5,0.18,-0.2,-0.13652429012182207
5,0.185,-0.2,-0.14266021327336462
5,0.19,-0.2,-0.14726215563702155
5,0.195,-0.2,-0.15033011721279282
5,0.2,-0.2,-0.1518640980006785
5,0.20500000000000002,-0.2,-0.15493205957644976
5,0.21,-0.2,-0.16260196351587797
5,0.215,-0.2,-0.16260196351587797
5,0.22,-0.2,-0.1641359443037636
5,0.225,-0.2,-0.17027186745530618
5,0.23,-0.2,-0.1718058482431918
5,0.23500000000000001,-0.2,-0.17487380981896308
5,0.24,-0.2,-0.17794177139473438
5,0.245,-0.2,-0.17640779060684875
5,0.25,-0.2,-0.17947575218262002
5,0.255,-0.2,-0.17794177139473438
5,0.26,-0.2,-0.18100973297050565
5,0.265,-0.2,-0.1825437137583913
5,0.27,-0.2,-0.18407769454627693
5,0.275,-0.2,-0.18714565612204823
5,0.28,-0.2,-0.18714565612204823
5,0.28500000000000003,-0.2,-0.18714565612204823
5,0.29,-0.2,-0.1902136176978195
5,0.295,-0.2,-0.18867963690993386
5,0.3,-0.2,-0.18867963690993386
5,0.305,-0.2,-0.1902136176978195
5,0.31,-0.2,-0.18867963690993386
5,0.315,-0.2,-0.1932815792735908
5,0.32,-0.2,-0.19174759848570513
5,0.325,-0.2,-0.1932815792735908
5,0.33,-0.2,-0.1932815792735908
5,0.335,-0.2,-0.19481556006147643
5,0.34,-0.2,-0.1902136176978195
5,0.34500000000000003,-0.2,-0.1932815792735908
5,0.35000000000000003,-0.2,-0.1902136176978195
5,0.355,-0.2,-0.19634954084936207
5,0.36,-0.2,-0.19481556006147643
5,0.365,-0.2,-0.19481556006147643
5,0.37,-0.2,-0.19481556006147643
5,0.375,-0.2,-0.19481556006147643
5,0.38,-0.2,-0.1932815792735908
5,0.385,-0.2,-0.1932815792735908
5,0.39,-0.2,-0.1932815792735908
5,0.395,-0.2,-0.19481556006147643
5,0.4,-0.2,-0.1932815792735908
5,0.405,-0.2,-0.19174759848570513
5,0.41000000000000003,-0.2,-0.19481556006147643
5,0.41500000000000004,-0.2,-0.1932815792735908
5,0.42,-0.2,-0.1932815792735908
5,0.425,-0.2,-0.19174759848570513
5,0.43,-0.2,-0.1932815792735908
5,0.435,-0.2,-0.1932815792735908
5,0.44,-0.2,-0.19481556006147643
5,0.445,-0.2,-0.1932815792735908
5,0.45,-0.2,-0.19481556006147643
5,0.455,-0.2,-0.19174759848570513
5,0.46,-0.2,-0.1932815792735908
5,0.465,-0.2,-0.1932815792735908
5,0.47000000000000003,-0.2,-0.19481556006147643
5,0.47500000000000003,-0.2,-0.19174759848570513
5,0.48,-0.2,-0.19174759848570513
5,0.485,-0.2,-0.19174759848570513
5,0.49,-0.2,-0.18867963690993386
5,0.495,-0.2,-0.1932815792735908
5,0.5,-0.2,-0.1902136176978195
5,0.505,-0.2,-0.1932815792735908
5,0.51,-0.2,-0.19174759848570513
5,0.515,-0.2,-0.19174759848570513
5,0.52,-0.2,-0.1932815792735908
5,0.525,-0.2,-0.19174759848570513
5,0.53,-0.2,-0.1932815792735908
5,0.535,-0.2,-0.1932815792735908
5,0.54,-0.2,-0.19174759848570513
5,0.545,-0.2,-0.1902136176978195
5,0.55,-0.2,-0.19481556006147643
5,0.555,-0.2,-0.19634954084936207
5,0.56,-0.2,-0.1932815792735908
5,0.5650000000000001,-0.2,-0.1932815792735908
5,0.5700000000000001,-0.2,-0.1932815792735908
5,0.5750000000000001,-0.2,-0.1932815792735908
5,0.58,-0.2,-0.1902136176978195
5,0.585,-0.2,-0.19174759848570513
5,0.59,-0.2,-0.1932815792735908
5,0.595,-0.2,-0.1932815792735908
